{
    "borrow_record": [
        {
            "id": "BR01",
            "student_id": "DG01",
            "book_id": "B04",
            "borrow_date": "08/02/2026",
            "due_date": "31/03/2026",
            "status": "borrowing"
        },
        {
            "id": "BR02",
            "student_id": "DG03",
            "book_id": "CB02",
            "borrow_date": "23/12/2025",
            "due_date": "09/01/2026",
            "status": "overdue"
        },
        {
            "id": "BR03",
            "student_id": "DG01",
            "book_id": "CB04",
            "borrow_date": "15/01/2026",
            "due_date": "15/02/2026",
            "status": "returned"
        },
        {
            "id": "BR04",
            "student_id": "DG02",
            "book_id": "B04",
            "borrow_date": "29/01/2026",
            "due_date": "11/02/2026",
            "status": "returned"
        }
    ]
}